,model,accuracy,precision,recall,F1_score,G mean
0,Anger,0.7742690058479532,0.7685033890099249,0.7341347788866346,0.7437655279503106,
1,Anticipation,0.8543859649122807,0.6774004683840749,0.5016658007801226,0.46469722247016976,
2,Disgust,0.7350877192982456,0.7214402163107877,0.6950530406623188,0.701842798797102,
3,Fear,0.8263157894736842,0.7512480273116686,0.6462614369281536,0.6719548421976642,
4,Joy,0.795906432748538,0.785302261190586,0.7632916783114412,0.7712904104769756,
5,Sadness,0.756140350877193,0.7347381220032577,0.6475542224273189,0.6600898361584102,
6,Surprise,0.9491228070175438,0.9745316159250585,0.5112359550561798,0.5089110348948138,
7,Trust,0.9409356725146198,0.6201705756929637,0.5504424905487456,0.5673369591085704,
